[
  {
    "id": "6968d206-6047-4e66-9cff-6b250a1a9350",
    "data": [
      {
        "text": "Hello",
        "userDefined": false
      }
    ],
    "isTemplate": false,
    "count": 0,
    "updated": 1539633682
  },
  {
    "id": "20ceaa90-b561-40d5-959d-209cadb01b09",
    "data": [
      {
        "text": "Heya",
        "userDefined": false
      }
    ],
    "isTemplate": false,
    "count": 0,
    "updated": 1539633682
  },
  {
    "id": "ac936bc7-26c0-4f2c-80b8-be19b5ef6f66",
    "data": [
      {
        "text": "Hi",
        "userDefined": false
      }
    ],
    "isTemplate": false,
    "count": 0,
    "updated": 1539633682
  }
]